{"cameraMode":{"drawMode":0,"name":"Shaded","section":"Shading Mode"},"sceneLighting":true,"audioPlay":false,"sceneViewState":{"showFog":true,"showMaterialUpdate":false,"showSkybox":true,"showFlares":true,"showImageEffects":true,"showParticleSystems":true},"in2DMode":false,"pivot":{"x":-0.7906326651573181,"y":0.25488150119781496,"z":-3.817999839782715},"rotation":{"x":0.1392962485551834,"y":0.032709360122680667,"z":-0.004442969337105751,"w":0.9898005127906799},"size":5.7711920738220219,"orthographic":false}