{"cameraMode":{"drawMode":0,"name":"Shaded","section":"Shading Mode"},"sceneLighting":true,"audioPlay":false,"sceneViewState":{"showFog":true,"showMaterialUpdate":false,"showSkybox":true,"showFlares":true,"showImageEffects":true,"showParticleSystems":true},"in2DMode":false,"pivot":{"x":3.9973912239074709,"y":1.1724944114685059,"z":-4.450500011444092},"rotation":{"x":0.03993085399270058,"y":0.9181501865386963,"z":-0.38258641958236697,"w":0.09593707323074341},"size":0.9183303713798523,"orthographic":false}